"group","value"
"Africa",9.24509803921569
"Americas",6.36060606060606
"Asia",5.89130434782609
"Europe",9.9925
"Oceania",6.21428571428571
