"group","value"
"Africa",33.7137254901961
"Americas",18.0242424242424
"Asia",19.9021739130435
"Europe",10.6825
"Oceania",22.2642857142857
